Model,Accuracy,Precision,Recall,F1,Kappa,ROC_AUC
Random Forest,1.0,1.0,1.0,1.0,1.0,1.0
XGBoost,0.9976666666666667,0.996343085106383,0.999,0.9976697736351531,0.9953333333333333,0.9999873333333333
