Model,RMSE,MAE,MAPE,R2
LR,9.269801310099655e-16,8.146261443187087e-16,3.6408645919680033e-13,1.0
XGBoost,0.04074248529348458,0.031768514561653145,16.839063377882486,0.952032063544694
