Metric,Value
Accuracy,0.734647460197119
Precision,0.5226586102719033
Recall,0.24195804195804196
F1-Score,0.33078393881453155
Kappa,0.1922198337895853
