Year,Predicted_BuiltUp_sqkm
2026,0.34585
2027,0.3383
2028,0.33725
2029,0.33725
2030,0.33725
