Year,BuiltUp_Area_sqkm,Growth_sqkm,Growth_Rate_Percent
2017,0.264,0.0,0.0
2018,0.354,0.08999999999999997,34.09090909090908
2019,0.673,0.31900000000000006,90.1129943502825
2020,0.244,-0.42900000000000005,-63.74442793462109
2021,0.274,0.030000000000000027,12.295081967213118
2022,0.403,0.129,47.080291970802925
2023,0.395,-0.008000000000000007,-1.985111662531014
2024,0.316,-0.07900000000000001,-20.000000000000007
2025,0.318,0.0020000000000000018,0.6329113924050667
